{
  "run_id": "1cfeeb34",
  "label": "verification",
  "git_sha": null,
  "python_version": "3.11.9",
  "torch_version": "2.4.0",
  "platform": "macOS-26.5.1-arm64-arm-64bit",
  "chip": "Apple M4",
  "results": [
    {
      "run_id": "1cfeeb34",
      "kernel_id": "matmul",
      "backend_id": "pytorch_mps",
      "precision": "fp32",
      "params": {
        "size": [
          512,
          512,
          512
        ]
      },
      "latency": {
        "mean_ms": 1.1224124998989282,
        "std_ms": 0.11877390540628936,
        "p50_ms": 1.0957704998872941,
        "p95_ms": 1.3196001493270157,
        "p99_ms": 1.392620029982936,
        "min_ms": 0.9499170009803493,
        "max_ms": 1.4108750001469161,
        "raw_ms": [
          1.4108750001469161,
          1.094666000426514,
          0.9499170009803493,
          1.064542000676738,
          1.2080419983249158,
          1.1914999995497055,
          1.1044169987144414,
          1.0727500011853408,
          1.0305409996362869,
          1.0968749993480742
        ]
      },
      "throughput_ops_per_sec": 0.2391593607734877,
      "flops": 268435456.0,
      "bytes_transferred": 3145728.0,
      "arithmetic_intensity": 85.33333333333333,
      "telemetry": {
        "mps_memory_mb": 2.0,
        "cpu_memory_mb": 222.25,
        "power_watts": null,
        "cpu_percent": 0.0
      },
      "profiler_ops": [],
      "error": null,
      "benchmarked_at": "2026-07-03T22:23:38.681833"
    },
    {
      "run_id": "1cfeeb34",
      "kernel_id": "attention",
      "backend_id": "pytorch_mps",
      "precision": "fp32",
      "params": {
        "batch_size": 1,
        "seq_len": 128,
        "hidden_dim": 768,
        "num_heads": 12
      },
      "latency": {
        "mean_ms": 1.1775082002714043,
        "std_ms": 0.228063420998178,
        "p50_ms": 1.123499998357147,
        "p95_ms": 1.5495872010433227,
        "p99_ms": 1.6891174414558918,
        "min_ms": 0.8168330023181625,
        "max_ms": 1.724000001559034,
        "raw_ms": [
          1.1355419992469251,
          1.2454999996407423,
          1.1114579974673688,
          0.9682080017228145,
          1.724000001559034,
          1.2212080000608694,
          1.1084170000685845,
          1.33641600041301,
          1.1075000002165325,
          0.8168330023181625
        ]
      },
      "throughput_ops_per_sec": 0.04274420168657767,
      "flops": 50331648.0,
      "bytes_transferred": 2359296.0,
      "arithmetic_intensity": 21.333333333333332,
      "telemetry": {
        "mps_memory_mb": 3.0,
        "cpu_memory_mb": 228.78125,
        "power_watts": null,
        "cpu_percent": 0.0
      },
      "profiler_ops": [],
      "error": null,
      "benchmarked_at": "2026-07-03T22:23:38.990875"
    },
    {
      "run_id": "1cfeeb34",
      "kernel_id": "matmul",
      "backend_id": "pytorch_cpu",
      "precision": "fp32",
      "params": {
        "size": [
          512,
          512,
          512
        ]
      },
      "latency": {
        "mean_ms": 0.4530833994067507,
        "std_ms": 0.1175618915650431,
        "p50_ms": 0.38862499968672637,
        "p95_ms": 0.6834840009105392,
        "p99_ms": 0.6917640010942705,
        "min_ms": 0.35695800033863634,
        "max_ms": 0.6938340011402033,
        "raw_ms": [
          0.6938340011402033,
          0.6708340006298386,
          0.38874999881954864,
          0.38779199894634075,
          0.3885000005539041,
          0.4642909989343025,
          0.40387499757343903,
          0.38829199911560863,
          0.387707998015685,
          0.35695800033863634
        ]
      },
      "throughput_ops_per_sec": 0.5924636752339165,
      "flops": 268435456.0,
      "bytes_transferred": 3145728.0,
      "arithmetic_intensity": 85.33333333333333,
      "telemetry": {
        "mps_memory_mb": 0.0,
        "cpu_memory_mb": 233.296875,
        "power_watts": null,
        "cpu_percent": 10.1
      },
      "profiler_ops": [],
      "error": null,
      "benchmarked_at": "2026-07-03T22:23:39.274833"
    },
    {
      "run_id": "1cfeeb34",
      "kernel_id": "attention",
      "backend_id": "pytorch_cpu",
      "precision": "fp32",
      "params": {
        "batch_size": 1,
        "seq_len": 128,
        "hidden_dim": 768,
        "num_heads": 12
      },
      "latency": {
        "mean_ms": 0.3862956993543776,
        "std_ms": 0.10919422383741623,
        "p50_ms": 0.33372899997630157,
        "p95_ms": 0.565481398189149,
        "p99_ms": 0.6758962780804723,
        "min_ms": 0.32862499938346446,
        "max_ms": 0.703499998053303,
        "raw_ms": [
          0.39679199835518375,
          0.3939579983125441,
          0.703499998053303,
          0.3832080001302529,
          0.33570799860171974,
          0.3317500013508834,
          0.33116600025095977,
          0.32949999877018854,
          0.3287500003352761,
          0.32862499938346446
        ]
      },
      "throughput_ops_per_sec": 0.13029305810062117,
      "flops": 50331648.0,
      "bytes_transferred": 2359296.0,
      "arithmetic_intensity": 21.333333333333332,
      "telemetry": {
        "mps_memory_mb": 0.0,
        "cpu_memory_mb": 235.84375,
        "power_watts": null,
        "cpu_percent": 31.7
      },
      "profiler_ops": [],
      "error": null,
      "benchmarked_at": "2026-07-03T22:23:39.543800"
    }
  ],
  "started_at": "2026-07-03T22:23:38.319047",
  "finished_at": "2026-07-03T22:23:39.545313",
  "total_seconds": 1.226266
}