{
  "run_id": "703bceeb",
  "label": "ci-quick",
  "git_sha": null,
  "python_version": "3.11.9",
  "torch_version": "2.4.0",
  "platform": "macOS-26.5.1-arm64-arm-64bit",
  "chip": "Apple M4",
  "results": [
    {
      "run_id": "703bceeb",
      "kernel_id": "matmul",
      "backend_id": "pytorch_mps",
      "precision": "fp32",
      "params": {
        "size": [
          512,
          512,
          512
        ]
      },
      "latency": {
        "mean_ms": 1.0245625006064074,
        "std_ms": 0.04102988996244072,
        "p50_ms": 1.0112500003742753,
        "p95_ms": 1.095047950366279,
        "p99_ms": 1.1255431895551737,
        "min_ms": 0.9785000002011657,
        "max_ms": 1.1331669993523974,
        "raw_ms": [
          1.1331669993523974,
          1.0308749988325872,
          1.0036250023404136,
          1.0164999985136092,
          0.9785000002011657,
          1.03083400244941,
          1.0060000022349413,
          0.9919160002027638,
          1.0484580016054679,
          1.005750000331318
        ]
      },
      "throughput_ops_per_sec": 0.2620000789030647,
      "flops": 268435456.0,
      "bytes_transferred": 3145728.0,
      "arithmetic_intensity": 85.33333333333333,
      "telemetry": {
        "mps_memory_mb": 2.0,
        "cpu_memory_mb": 222.171875,
        "power_watts": null,
        "cpu_percent": 17.1
      },
      "profiler_ops": [],
      "error": null,
      "benchmarked_at": "2026-07-03T10:58:30.553120"
    },
    {
      "run_id": "703bceeb",
      "kernel_id": "attention",
      "backend_id": "pytorch_mps",
      "precision": "fp32",
      "params": {
        "batch_size": 1,
        "seq_len": 128,
        "hidden_dim": 768,
        "num_heads": 12
      },
      "latency": {
        "mean_ms": 1.3757999000517884,
        "std_ms": 0.9512733733715082,
        "p50_ms": 1.041520497892634,
        "p95_ms": 2.864245800628847,
        "p99_ms": 3.9523155593269625,
        "min_ms": 0.9762500012584496,
        "max_ms": 4.22433299900149,
        "raw_ms": [
          1.2019170026178472,
          1.0984159998770338,
          1.033542001096066,
          1.0895000013988465,
          1.048915997671429,
          1.0335410006518941,
          0.9762500012584496,
          4.22433299900149,
          1.017458998830989,
          1.034124998113839
        ]
      },
      "throughput_ops_per_sec": 0.03658355259228133,
      "flops": 50331648.0,
      "bytes_transferred": 2359296.0,
      "arithmetic_intensity": 21.333333333333332,
      "telemetry": {
        "mps_memory_mb": 3.0,
        "cpu_memory_mb": 228.78125,
        "power_watts": null,
        "cpu_percent": 8.1
      },
      "profiler_ops": [],
      "error": null,
      "benchmarked_at": "2026-07-03T10:58:30.889235"
    },
    {
      "run_id": "703bceeb",
      "kernel_id": "matmul",
      "backend_id": "pytorch_cpu",
      "precision": "fp32",
      "params": {
        "size": [
          512,
          512,
          512
        ]
      },
      "latency": {
        "mean_ms": 0.3271583002060652,
        "std_ms": 0.005284823993554225,
        "p50_ms": 0.3250835015933262,
        "p95_ms": 0.3362765994097572,
        "p99_ms": 0.34142172065912746,
        "min_ms": 0.3247499989811331,
        "max_ms": 0.34270800097147003,
        "raw_ms": [
          0.34270800097147003,
          0.32529199961572886,
          0.32841599750099704,
          0.325625002005836,
          0.3251250018365681,
          0.3248749999329448,
          0.32500000088475645,
          0.3250420013500843,
          0.3247499989811331,
          0.3247499989811331
        ]
      },
      "throughput_ops_per_sec": 0.8205063292935628,
      "flops": 268435456.0,
      "bytes_transferred": 3145728.0,
      "arithmetic_intensity": 85.33333333333333,
      "telemetry": {
        "mps_memory_mb": 0.0,
        "cpu_memory_mb": 233.21875,
        "power_watts": null,
        "cpu_percent": 7.5
      },
      "profiler_ops": [],
      "error": null,
      "benchmarked_at": "2026-07-03T10:58:31.176777"
    },
    {
      "run_id": "703bceeb",
      "kernel_id": "attention",
      "backend_id": "pytorch_cpu",
      "precision": "fp32",
      "params": {
        "batch_size": 1,
        "seq_len": 128,
        "hidden_dim": 768,
        "num_heads": 12
      },
      "latency": {
        "mean_ms": 0.47661650023655966,
        "std_ms": 0.22378809217269438,
        "p50_ms": 0.33256200003961567,
        "p95_ms": 0.8563168506952934,
        "p99_ms": 0.872396971390117,
        "min_ms": 0.31933300124364905,
        "max_ms": 0.8764170015638229,
        "raw_ms": [
          0.734040997485863,
          0.8317499996337574,
          0.8764170015638229,
          0.3730410026037134,
          0.33654100116109475,
          0.3285829989181366,
          0.32404200101154856,
          0.3214999996998813,
          0.3209169990441296,
          0.31933300124364905
        ]
      },
      "throughput_ops_per_sec": 0.10560198393261423,
      "flops": 50331648.0,
      "bytes_transferred": 2359296.0,
      "arithmetic_intensity": 21.333333333333332,
      "telemetry": {
        "mps_memory_mb": 0.0,
        "cpu_memory_mb": 235.890625,
        "power_watts": null,
        "cpu_percent": 0.0
      },
      "profiler_ops": [],
      "error": null,
      "benchmarked_at": "2026-07-03T10:58:31.462967"
    }
  ],
  "started_at": "2026-07-03T10:58:30.008569",
  "finished_at": "2026-07-03T10:58:31.464703",
  "total_seconds": 1.456134
}